{"cameraMode":{"drawMode":0,"name":"Shaded","section":"Shading Mode"},"sceneLighting":false,"audioPlay":false,"sceneViewState":{"m_AlwaysRefresh":false,"showFog":true,"showSkybox":false,"showFlares":true,"showImageEffects":true,"showParticleSystems":true,"showVisualEffectGraphs":true,"m_FxEnabled":true},"in2DMode":false,"pivot":{"x":0.8118162155151367,"y":2.8065598011016847,"z":0.015130758285522461},"rotation":{"x":-0.010259771719574929,"y":0.9762477874755859,"z":-0.045348312705755237,"w":-0.21259082853794099},"size":3.951106548309326,"orthographic":true}