{"cameraMode":{"drawMode":0,"name":"Shaded","section":"Shading Mode"},"sceneLighting":true,"audioPlay":false,"sceneViewState":{"m_AlwaysRefresh":false,"showFog":true,"showSkybox":true,"showFlares":true,"showImageEffects":true,"showParticleSystems":true,"showVisualEffectGraphs":true,"m_FxEnabled":true},"in2DMode":false,"pivot":{"x":0.36154457926750185,"y":1.7703869342803956,"z":0.7278693914413452},"rotation":{"x":-0.003265014383941889,"y":0.9272185564041138,"z":-0.008386971428990364,"w":-0.37470948696136477},"size":3.532118558883667,"orthographic":true}