{"cameraMode":{"drawMode":0,"name":"Shaded","section":"Shading Mode"},"sceneLighting":true,"audioPlay":false,"sceneViewState":{"m_AlwaysRefresh":false,"showFog":true,"showSkybox":true,"showFlares":true,"showImageEffects":true,"showParticleSystems":true,"showVisualEffectGraphs":true,"m_FxEnabled":true},"in2DMode":false,"pivot":{"x":-6.373699188232422,"y":3.5507302284240724,"z":-12.008113861083985},"rotation":{"x":-0.0008939530234783888,"y":-0.9999092221260071,"z":0.025518151000142099,"w":0.011728338897228241},"size":17.26547622680664,"orthographic":true}