{"cameraMode":{"drawMode":0,"name":"Shaded","section":"Shading Mode"},"sceneLighting":false,"audioPlay":false,"sceneViewState":{"m_AlwaysRefresh":false,"showFog":true,"showSkybox":false,"showFlares":true,"showImageEffects":true,"showParticleSystems":true,"showVisualEffectGraphs":true,"m_FxEnabled":true},"in2DMode":false,"pivot":{"x":0.8118162155151367,"y":2.8065598011016847,"z":0.015130758285522461},"rotation":{"x":-0.0670107752084732,"y":0.6030903458595276,"z":-0.050517164170742038,"w":-0.7935079336166382},"size":3.3948276042938234,"orthographic":true}